Workbook

Sheet Summary
A1: SUMMARY
A2: Overseer | B2: Oversight Area | C2: Bacentas | D2: Att | E2: Income(GHS) | F2: No. Of Services
A3: Isaac Agyeman | B3: Colossians 1 | C3: ='Colossians 1'!C14 | D3: ='Colossians 1'!D14 | E3: ='Colossians 1'!E14 | F3: ='Colossians 1'!F14
A4: Edwin Ogoe | B4: Colossians 2 | C4: ='Colossians 2'!C11 | D4: ='Colossians 2'!D11 | E4: ='Colossians 2'!E11 | F4: ='Colossians 2'!F11
A5: Nathan Kudowor | B5: Colossians 3 | C5: ='Colossians 3'!C9 | D5: ='Colossians 3'!D9 | E5: ='Colossians 3'!E9 | F5: ='Colossians 3'!F9
A6: Isaac Agyeman | B6: Galatians 1 | C6: ='Galatians 1'!C5 | D6: ='Galatians 1'!D5 | E6: ='Galatians 1'!E5 | F6: ='Galatians 1'!F5
A7: Richmond Annan | B7: Galatians 2 | C7: ='Galatians 2'!C12 | D7: ='Galatians 2'!D12 | E7: ='Galatians 2'!E12 | F7: ='Galatians 2'!F12
A8: Joseph Teye | B8: Galatians 3 | C8: ='Galatians 3'!C9 | D8: ='Galatians 3'!D9 | E8: ='Galatians 3'!E9 | F8: ='Galatians 3'!F9
A9: Eric Boachie Yiadom | B9: Galatians 4 | C9: ='Galatians 4'!C7 | D9: ='Galatians 4'!D7 | E9: ='Galatians 4'!E7 | F9: ='Galatians 4'!F7
A10: Michael Oteng | B10: Galatians 5 | C10: ='Galatians 5'!C14 | D10: ='Galatians 5'!D14 | E10: ='Galatians 5'!E14 | F10: ='Galatians 5'!F14
A11: Nana Kofi Danso-Mensah | B11: Galatians 6 A | C11: ='Galatians 6 A'!C12 | D11: ='Galatians 6 A'!D12 | E11: ='Galatians 6 A'!E12 | F11: ='Galatians 6 A'!F12
A12: Albert Gillies Heward-Mills | B12: Galatians 7 | C12: ='Galatians 7'!C13 | D12: ='Galatians 7'!D13 | E12: ='Galatians 7'!E13 | F12: ='Galatians 7'!F13
A13: Caleb Osei-Kofi | B13: Galatians 8 | C13: ='Galatians 8'!C10 | D13: ='Galatians 8'!D10 | E13: ='Galatians 8'!E10 | F13: ='Galatians 8'!F10
A14: Divine Olubakinde | B14: Galatians 9 | C14: ='Galatians 9'!C10 | D14: ='Galatians 9'!D10 | E14: ='Galatians 9'!E10 | F14: ='Galatians 9'!F10

Sheet Colossians 1
A1: Colossians 1
A2: Governorship | B2: Governor | C2: No. Of Bacentas | D2: Att | E2: Income(GHS) | F2: No. Of Services | G2: Services/Bacentas | H2: Services Not Held | I2: Comment
A3: Family Health | B3: David Yalleh | C3: 4 | D3: 4 | E3: 518 | F3: 1 | G3: 1/4 | H3: 3
A4: Family Health Teshie | B4: Obed Owusu | C4: 1 | D4: 11 | E4: 150 | F4: 1 | G4: 1/1 | H4: 0 | I4: Bacenta Sum
A5: Haatso Mabey | B5: Malcolm Otchere - Forbih | C5: 3 | D5: 0 | E5: 0 | F5: 0 | G5: 0/3 | H5: 3
A6: Hatso TBC | B6: Zenas Adarkwah Yiadom | C6: 1 | D6: 14 | E6: 145 | F6: 1 | G6: 1/1 | H6: 0 | I6: Bacenta Sum
A7: Pantang Campus | B7: Princess Gueyennevievarl Wilson-Anderson | C7: 4 | D7: 0 | E7: 0 | F7: 0 | G7: 0/4 | H7: 4
A8: Pantang Town | B8: Abraham Koney | C8: 3 | D8: 22 | E8: 206 | F8: 1 | G8: 1/3 | H8: 2
A9: THS Agbogba | B9: Collins Quarcoo | C9: 7 | D9: 25 | E9: 495 | F9: 2 | G9: 2/7 | H9: 5
A10: THS Bohye | B10: Christian Ocquaye | C10: 4 | D10: 5 | E10: 20 | F10: 1 | G10: 1/4 | H10: 3
A11: THS Ecomog | B11: Alex Baah-Gyambrah | C11: 5 | D11: 12 | E11: 336 | F11: 1 | G11: 1/5 | H11: 4
A12: Wisconsin | B12: Samuel Umerah | C12: 3 | D12: 21 | E12: 83 | F12: 3 | G12: 3/3 | H12: 0
A13: Wisconsin Fruitful | B13: Thomas Dodoo | C13: 3 | D13: 10 | E13: 73 | F13: 2 | G13: 2/3 | H13: 1 | I13: Bacenta Sum
A14: TOTAL | C14: =SUM(C3:C13) | D14: =SUM(D3:D13) | E14: =SUM(E3:E13) | F14: =SUM(F3:F13) | G14: =F14&"/"&C14 | H14: =SUM(H3:H13)

Sheet Colossians 2
A1: Colossians 2
A2: Governorship | B2: Governor | C2: No. Of Bacentas | D2: Att | E2: Income(GHS) | F2: No. Of Services | G2: Services/Bacentas | H2: Services Not Held | I2: Comment
A3: Communication | B3: Vicentia Boakye | C3: 3 | D3: 0 | E3: 0 | F3: 0 | G3: 0/3 | H3: 3
A4: Deacon's Academy | B4: Gideon Boateng | C4: 4 | D4: 0 | E4: 0 | F4: 0 | G4: 0/4 | H4: 4
A5: Dome Main | B5: John Amoako | C5: 3 | D5: 0 | E5: 0 | F5: 0 | G5: 0/3 | H5: 3
A6: Dome Ministries | B6: Wilhermina Teprey | C6: 5 | D6: 0 | E6: 0 | F6: 0 | G6: 0/5 | H6: 5
A7: Dome Mobile Lodge | B7: Kelvin Kpabi | C7: 3 | D7: 0 | E7: 0 | F7: 0 | G7: 0/3 | H7: 3
A8: Dome North | B8: Pearl Addo | C8: 4 | D8: 0 | E8: 0 | F8: 0 | G8: 0/4 | H8: 4
A9: JOS Christian Village | B9: Elorm Agbesinyale | C9: 5 | D9: 0 | E9: 0 | F9: 0 | G9: 0/5 | H9: 5
A10: THS Dome | B10: Jehu Adu Mante | C10: 0 | D10: 0 | E10: 0 | F10: 0 | G10: 0/0 | H10: 0
A11: TOTAL | C11: =SUM(C3:C10) | D11: =SUM(D3:D10) | E11: =SUM(E3:E10) | F11: =SUM(F3:F10) | G11: =F11&"/"&C11 | H11: =SUM(H3:H10)

Sheet Colossians 3
A1: Colossians 3
A2: Governorship | B2: Governor | C2: No. Of Bacentas | D2: Att | E2: Income(GHS) | F2: No. Of Services | G2: Services/Bacentas | H2: Services Not Held | I2: Comment
A3: Colossians Ablekuma | B3: Jude Yamoah | C3: 3 | D3: 11 | E3: 198 | F3: 2 | G3: 2/3 | H3: 1
A4: Dansoman | B4: James Attoh | C4: 1 | D4: 0 | E4: 0 | F4: 0 | G4: 0/1 | H4: 1
A5: Haatso Central | B5: Joel Bartels Asante | C5: 2 | D5: 11 | E5: 100 | F5: 1 | G5: 1/2 | H5: 1
A6: Haatso West | B6: Michael Sarpong | C6: 2 | D6: 10 | E6: 1330 | F6: 2 | G6: 2/2 | H6: 0
A7: Kissieman | B7: Oliver Agbenyegah | C7: 4 | D7: 9 | E7: 17 | F7: 1 | G7: 1/4 | H7: 3
A8: THS Westland | B8: Joseph Halivor | C8: 1 | D8: 11 | E8: 104 | F8: 1 | G8: 1/1 | H8: 0
A9: TOTAL | C9: =SUM(C3:C8) | D9: =SUM(D3:D8) | E9: =SUM(E3:E8) | F9: =SUM(F3:F8) | G9: =F9&"/"&C9 | H9: =SUM(H3:H8)

Sheet Galatians 1
A1: Galatians 1
A2: Governorship | B2: Governor | C2: No. Of Bacentas | D2: Att | E2: Income(GHS) | F2: No. Of Services | G2: Services/Bacentas | H2: Services Not Held | I2: Comment
A3: ACM | B3: Nii Nkunim Armar | C3: 3 | D3: 10 | E3: 73 | F3: 2 | G3: 2/3 | H3: 1
A4: ACM 2 | B4: Daniel Orleans-Lindsay | C4: 2 | D4: 13 | E4: 155 | F4: 2 | G4: 2/2 | H4: 0 | I4: Bacenta Sum
A5: TOTAL | C5: =SUM(C3:C4) | D5: =SUM(D3:D4) | E5: =SUM(E3:E4) | F5: =SUM(F3:F4) | G5: =F5&"/"&C5 | H5: =SUM(H3:H4)

Sheet Galatians 2
A1: Galatians 2
A2: Governorship | B2: Governor | C2: No. Of Bacentas | D2: Att | E2: Income(GHS) | F2: No. Of Services | G2: Services/Bacentas | H2: Services Not Held | I2: Comment
A3: Accra City Church | B3: Ishmael Oplerm | C3: 3 | D3: 21 | E3: 132 | F3: 3 | G3: 3/3 | H3: 0
A4: Adabraka | B4: Prince Agbesi | C4: 3 | D4: 13 | E4: 80 | F4: 3 | G4: 3/3 | H4: 0
A5: Arena | B5: Zephaniah Lartey | C5: 6 | D5: 20 | E5: 175 | F5: 6 | G5: 6/6 | H5: 0
A6: ATU Church | B6: James Pekyie | C6: 4 | D6: 16 | E6: 170 | F6: 4 | G6: 4/4 | H6: 0 | I6: Bacenta Sum
A7: ATU Main Campus | B7: Racheal Boamah | C7: 5 | D7: 30 | E7: 1110 | F7: 5 | G7: 5/5 | H7: 0
A8: City Campus | B8: Abednego Abbey | C8: 5 | D8: 26 | E8: 1140 | F8: 5 | G8: 5/5 | H8: 0
A9: Jamestown | B9: Humphrey Quaye | C9: 3 | D9: 16 | E9: 240 | F9: 4 | G9: 4/3 | H9: 0
A10: UssherFort | B10: Seth Kpelebe | C10: 3 | D10: 13 | E10: 100 | F10: 3 | G10: 3/3 | H10: 0
A11: Yours and Ours | B11: Emmanuel Otiboe | C11: 3 | D11: 17 | E11: 190 | F11: 3 | G11: 3/3 | H11: 0
A12: TOTAL | C12: =SUM(C3:C11) | D12: =SUM(D3:D11) | E12: =SUM(E3:E11) | F12: =SUM(F3:F11) | G12: =F12&"/"&C12 | H12: =SUM(H3:H11)

Sheet Galatians 3
A1: Galatians 3
A2: Governorship | B2: Governor | C2: No. Of Bacentas | D2: Att | E2: Income(GHS) | F2: No. Of Services | G2: Services/Bacentas | H2: Services Not Held | I2: Comment
A3: Campus Anagkazo | B3: Nayram Gblorkpor | C3: 2 | D3: 0 | E3: 0 | F3: 0 | G3: 0/2 | H3: 2
A4: Commonwealth | B4: Dennis Kpogli | C4: 6 | D4: 0 | E4: 0 | F4: 0 | G4: 0/6 | H4: 6
A5: Main Campus Poimen | B5: Theodora Waguena | C5: 1 | D5: 9 | E5: 20 | F5: 1 | G5: 1/1 | H5: 0
A6: Mensah Sarbah Poimen | B6: Prince Okai | C6: 4 | D6: 0 | E6: 0 | F6: 0 | G6: 0/4 | H6: 4
A7: Sarbah | B7: Joseph Teye | C7: 5 | D7: 0 | E7: 0 | F7: 0 | G7: 0/5 | H7: 5
A8: Sey | B8: Kwesi Boadu-Amoama | C8: 2 | D8: 0 | E8: 0 | F8: 0 | G8: 0/2 | H8: 2
A9: TOTAL | C9: =SUM(C3:C8) | D9: =SUM(D3:D8) | E9: =SUM(E3:E8) | F9: =SUM(F3:F8) | G9: =F9&"/"&C9 | H9: =SUM(H3:H8)

Sheet Galatians 4
A1: Galatians 4
A2: Governorship | B2: Governor | C2: No. Of Bacentas | D2: Att | E2: Income(GHS) | F2: No. Of Services | G2: Services/Bacentas | H2: Services Not Held | I2: Comment
A3: UPSA Campus Hostels | B3: Andrew Heward-Mills | C3: 6 | D3: 25 | E3: 270 | F3: 6 | G3: 6/6 | H3: 0
A4: Upsa Diaspora | B4: Bright Nurtey Tettey Tetteh | C4: 4 | D4: 0 | E4: 0 | F4: 0 | G4: 0/4 | H4: 4
A5: UPSA Green Hostel | B5: Desmond Hlorgbey | C5: 4 | D5: 16 | E5: 103 | F5: 2 | G5: 2/4 | H5: 2
A6: UPSA Hostels A & B | B6: Jayson Quarshie | C6: 5 | D6: 22 | E6: 169 | F6: 4 | G6: 4/5 | H6: 1
A7: TOTAL | C7: =SUM(C3:C6) | D7: =SUM(D3:D6) | E7: =SUM(E3:E6) | F7: =SUM(F3:F6) | G7: =F7&"/"&C7 | H7: =SUM(H3:H6)

Sheet Galatians 5
A1: Galatians 5
A2: Governorship | B2: Governor | C2: No. Of Bacentas | D2: Att | E2: Income(GHS) | F2: No. Of Services | G2: Services/Bacentas | H2: Services Not Held | I2: Comment
A3: AIT | B3: Lawrence Adetunji | C3: 5 | D3: 29 | E3: 465 | F3: 4 | G3: 4/5 | H3: 1
A4: AIT Yeshua | B4: Shadrach Oguejiofor | C4: 3 | D4: 15 | E4: 29 | F4: 2 | G4: 2/3 | H4: 1
A5: Aparche | B5: Cyrus-Dag Stephens | C5: 8 | D5: 27 | E5: 195 | F5: 7 | G5: 7/8 | H5: 1
A6: Encephal College of Health | B6: Samuel Tigah | C6: 2 | D6: 12 | E6: 79 | F6: 2 | G6: 2/2 | H6: 0
A7: Galilea | B7: Maxwell Kitch | C7: 2 | D7: 10 | E7: 150 | F7: 2 | G7: 2/2 | H7: 0
A8: GTUC | B8: Richard Manu | C8: 3 | D8: 15 | E8: 1270 | F8: 2 | G8: 2/3 | H8: 1
A9: GTUC Allos | B9: Michael Oteng | C9: 6 | D9: 24 | E9: 825 | F9: 4 | G9: 4/6 | H9: 2
A10: GTUC Allos 3 | B10: Sylvester Ntumy | C10: 3 | D10: 11 | E10: 675 | F10: 2 | G10: 2/3 | H10: 1
A11: GTUC Main Campus | B11: Jeremiah Ashong | C11: 4 | D11: 13 | E11: 60 | F11: 3 | G11: 3/4 | H11: 1
A12: Kings/Regent | B12: Prince Forson | C12: 5 | D12: 33 | E12: 753 | F12: 5 | G12: 5/5 | H12: 0
A13: Korle Bu Light | B13: Sonia Elolo | C13: 9 | D13: 14 | E13: 155 | F13: 4 | G13: 4/9 | H13: 5
A14: TOTAL | C14: =SUM(C3:C13) | D14: =SUM(D3:D13) | E14: =SUM(E3:E13) | F14: =SUM(F3:F13) | G14: =F14&"/"&C14 | H14: =SUM(H3:H13)

Sheet Galatians 6 A
A1: Galatians 6 A
A2: Governorship | B2: Governor | C2: No. Of Bacentas | D2: Att | E2: Income(GHS) | F2: No. Of Services | G2: Services/Bacentas | H2: Services Not Held | I2: Comment
A3: Bani | B3: Kojo Afriyie | C3: 6 | D3: 0 | E3: 0 | F3: 0 | G3: 0/6 | H3: 6
A4: Commonwealth | B4: Peter Tefuttor | C4: 1 | D4: 0 | E4: 0 | F4: 0 | G4: 0/1 | H4: 1
A5: Evandy | B5: Delali Apedu | C5: 4 | D5: 0 | E5: 0 | F5: 0 | G5: 0/4 | H5: 4
A6: Evandy Annex | B6: Stephanie Seglah | C6: 4 | D6: 0 | E6: 0 | F6: 0 | G6: 0/4 | H6: 4
A7: Pent B | B7: Yves Mensah | C7: 7 | D7: 0 | E7: 0 | F7: 0 | G7: 0/7 | H7: 7
A8: Pent Block A Annex | B8: Kwame Darteh | C8: 2 | D8: 0 | E8: 0 | F8: 0 | G8: 0/2 | H8: 2
A9: Pent C | B9: Roland Cudjoe | C9: 2 | D9: 0 | E9: 0 | F9: 0 | G9: 0/2 | H9: 2
A10: Pent Old & A | B10: Nana Kofi Danso-Mensah | C10: 3 | D10: 0 | E10: 0 | F10: 0 | G10: 0/3 | H10: 3
A11: TF | B11: Elizabeth Obeng Adu | C11: 3 | D11: 0 | E11: 0 | F11: 0 | G11: 0/3 | H11: 3
A12: TOTAL | C12: =SUM(C3:C11) | D12: =SUM(D3:D11) | E12: =SUM(E3:E11) | F12: =SUM(F3:F11) | G12: =F12&"/"&C12 | H12: =SUM(H3:H11)

Sheet Galatians 7
A1: Galatians 7
A2: Governorship | B2: Governor | C2: No. Of Bacentas | D2: Att | E2: Income(GHS) | F2: No. Of Services | G2: Services/Bacentas | H2: Services Not Held | I2: Comment
A3: Main Campus Allos | B3: Albert Gillies Heward-Mills | C3: 3 | D3: 0 | E3: 0 | F3: 0 | G3: 0/3 | H3: 3
A4: Main Campus Charis | B4: Stephen Asare Osei | C4: 2 | D4: 0 | E4: 0 | F4: 0 | G4: 0/2 | H4: 2
A5: Main Campus Dunamis | B5: Nana Kwame Barima | C5: 2 | D5: 0 | E5: 0 | F5: 0 | G5: 0/2 | H5: 2
A6: Main Campus Hagios | B6: Philmorra Laryea Okorley | C6: 4 | D6: 0 | E6: 0 | F6: 0 | G6: 0/4 | H6: 4
A7: Main Campus Logos | B7: Erasmus Laryea | C7: 5 | D7: 0 | E7: 0 | F7: 0 | G7: 0/5 | H7: 5
A8: Main Campus Parakletos | B8: Melissa Meledi | C8: 4 | D8: 0 | E8: 0 | F8: 0 | G8: 0/4 | H8: 4
A9: Main Campus Pistis | B9: Richard Mawuli Sogbo | C9: 4 | D9: 0 | E9: 0 | F9: 0 | G9: 0/4 | H9: 4
A10: Main Campus Proskuneo | B10: Isaac Baidoo | C10: 4 | D10: 6 | E10: 30 | F10: 1 | G10: 1/4 | H10: 3
A11: Main Campus Tsalach | B11: Jennifer Aidoo | C11: 3 | D11: 5 | E11: 332 | F11: 1 | G11: 1/3 | H11: 2
A12: Main campus Zogreo | B12: Elinam Fiagbe | C12: 3 | D12: 0 | E12: 0 | F12: 0 | G12: 0/3 | H12: 3
A13: TOTAL | C13: =SUM(C3:C12) | D13: =SUM(D3:D12) | E13: =SUM(E3:E12) | F13: =SUM(F3:F12) | G13: =F13&"/"&C13 | H13: =SUM(H3:H12)

Sheet Galatians 8
A1: Galatians 8
A2: Governorship | B2: Governor | C2: No. Of Bacentas | D2: Att | E2: Income(GHS) | F2: No. Of Services | G2: Services/Bacentas | H2: Services Not Held | I2: Comment
A3: AKUAFO | B3: Foanor Alloh | C3: 5 | D3: 12 | E3: 547 | F3: 1 | G3: 1/5 | H3: 4
A4: Akuafo Zoe | B4: Enoch Bentil | C4: 3 | D4: 11 | E4: 104 | F4: 1 | G4: 1/3 | H4: 2 | I4: Bacenta Sum
A5: ELU | B5: Tracy Osei | C5: 4 | D5: 3 | E5: 15 | F5: 1 | G5: 1/4 | H5: 3
A6: Legon hall | B6: Nana Ahema Forson | C6: 3 | D6: 5 | E6: 77 | F6: 2 | G6: 2/3 | H6: 1
A7: Legon Hall B | B7: Jennifer Wordi | C7: 2 | D7: 8 | E7: 150 | F7: 2 | G7: 2/2 | H7: 0
A8: Volta | B8: Caleb Osei-Kofi | C8: 6 | D8: 22 | E8: 275 | F8: 5 | G8: 5/6 | H8: 1
A9: Volta Mega | B9: Doris Ainooh | C9: 1 | D9: 12 | E9: 500 | F9: 1 | G9: 1/1 | H9: 0 | I9: Bacenta Sum
A10: TOTAL | C10: =SUM(C3:C9) | D10: =SUM(D3:D9) | E10: =SUM(E3:E9) | F10: =SUM(F3:F9) | G10: =F10&"/"&C10 | H10: =SUM(H3:H9)

Sheet Galatians 9
A1: Galatians 9
A2: Governorship | B2: Governor | C2: No. Of Bacentas | D2: Att | E2: Income(GHS) | F2: No. Of Services | G2: Services/Bacentas | H2: Services Not Held | I2: Comment
A3: UPSA Allos 1 | B3: Divine Olubakinde | C3: 3 | D3: 16 | E3: 1763 | F3: 3 | G3: 3/3 | H3: 0
A4: UPSA Allos 2 | B4: Herbert Aidoo | C4: 3 | D4: 10 | E4: 170 | F4: 3 | G4: 3/3 | H4: 0
A5: UPSA Allos 3 | B5: Marvellous Korsoku | C5: 3 | D5: 16 | E5: 97 | F5: 3 | G5: 3/3 | H5: 0
A6: UPSA Allos 4 | B6: Linda Tunkum | C6: 2 | D6: 12 | E6: 140 | F6: 2 | G6: 2/2 | H6: 0
A7: UPSA Allos 5 | B7: Joshua Agymang | C7: 2 | D7: 8 | E7: 70 | F7: 2 | G7: 2/2 | H7: 0
A8: UPSA Allos 6 | B8: David Abuaku | C8: 2 | D8: 9 | E8: 76 | F8: 1 | G8: 1/2 | H8: 1
A9: UPSA Allos 7 | B9: Blessing Umukoro | C9: 2 | D9: 14 | E9: 140 | F9: 2 | G9: 2/2 | H9: 0
A10: TOTAL | C10: =SUM(C3:C9) | D10: =SUM(D3:D9) | E10: =SUM(E3:E9) | F10: =SUM(F3:F9) | G10: =F10&"/"&C10 | H10: =SUM(H3:H9)
